time,lat,lon,hMSL,velN,velE,velD,hAcc,vAcc,sAcc,heading,cAcc,gpsFix,numSV
,(deg),(deg),(m),(m/s),(m/s),(m/s),(m),(m),(m/s),(deg),(deg),,
2022-04-30T17:30:41.000Z,40.4307972,-111.7121281,2451.268,-0.06,-0.07,-0.06,0.925,1.138,0.26,229.39871,2.36364,,20
2022-04-30T17:30:41.200Z,40.4307971,-111.7121283,2451.290,0.04,0.00,-0.03,0.927,1.142,0.29,0.00000,5.80000,,20
2022-04-30T17:30:41.400Z,40.4307972,-111.7121284,2451.260,0.12,-0.01,0.30,0.930,1.146,0.29,355.23636,0.89710,,20
2022-04-30T17:30:41.600Z,40.4307973,-111.7121284,2451.218,0.08,0.00,0.29,0.932,1.150,0.29,0.00000,0.96399,,20
2022-04-30T17:30:41.800Z,40.4307974,-111.7121287,2451.156,0.15,-0.16,0.32,0.934,1.153,0.26,313.15239,0.67020,,20
2022-04-30T17:30:42.000Z,40.4307978,-111.7121292,2451.116,0.32,-0.25,0.43,0.936,1.157,0.24,322.00127,0.40579,,20
2022-04-30T17:30:42.200Z,40.4307983,-111.7121303,2450.990,0.37,-0.63,0.89,0.938,1.161,0.25,300.42578,0.21711,,20
2022-04-30T17:30:42.400Z,40.4307992,-111.7121319,2450.728,0.67,-0.72,1.45,0.940,1.165,0.26,312.93989,0.14839,,20
2022-04-30T17:30:42.600Z,40.4308012,-111.7121351,2450.471,1.51,-1.79,1.34,0.941,1.169,0.23,310.15016,0.08524,,20
2022-04-30T17:30:42.800Z,40.4308063,-111.7121423,2450.277,4.17,-4.25,0.76,0.943,1.172,0.24,314.45564,0.03998,,20
2022-04-30T17:30:43.000Z,40.4308125,-111.7121511,2449.663,2.98,-3.34,4.29,0.944,1.174,0.27,311.73984,0.04355,,20
2022-04-30T17:30:43.200Z,40.4308177,-111.7121586,2448.600,2.87,-2.96,6.22,0.947,1.177,0.27,314.11557,0.03618,,20
2022-04-30T17:30:43.400Z,40.4308227,-111.7121659,2447.231,2.63,-3.19,7.84,0.950,1.181,0.27,309.50392,0.03046,,20
2022-04-30T17:30:43.600Z,40.4308273,-111.7121732,2445.419,2.62,-3.12,9.70,0.954,1.183,0.24,310.02164,0.02281,,20
2022-04-30T17:30:43.800Z,40.4308319,-111.7121808,2443.281,2.71,-3.32,11.31,0.957,1.184,0.25,309.22356,0.02067,,20
2022-04-30T17:30:44.000Z,40.4308370,-111.7121887,2440.877,2.84,-3.24,13.11,0.960,1.186,0.25,311.23597,0.01812,,20
2022-04-30T17:30:44.200Z,40.4308419,-111.7121965,2438.022,2.91,-3.44,14.75,0.963,1.190,0.28,310.22889,0.01815,,20
2022-04-30T17:30:44.400Z,40.4308468,-111.7122045,2434.789,2.95,-3.45,16.71,0.966,1.195,0.29,310.53284,0.01675,,20
2022-04-30T17:30:44.600Z,40.4308521,-111.7122130,2431.232,3.27,-3.80,18.14,0.970,1.201,0.32,310.71286,0.01700,,20
2022-04-30T17:30:44.800Z,40.4308583,-111.7122231,2427.436,3.68,-4.63,19.63,0.975,1.207,0.29,308.47825,0.01415,,19
2022-04-30T17:30:45.000Z,40.4308653,-111.7122347,2423.306,4.34,-5.22,20.98,0.979,1.214,0.30,309.74073,0.01360,,19
2022-04-30T17:30:45.200Z,40.4308738,-111.7122476,2418.968,5.22,-5.77,22.00,0.984,1.219,0.29,312.13499,0.01243,,19
2022-04-30T17:30:45.400Z,40.4308836,-111.7122621,2414.426,5.81,-6.45,23.09,0.988,1.225,0.27,312.01174,0.01095,,19
2022-04-30T17:30:45.600Z,40.4308947,-111.7122783,2409.696,6.55,-7.29,24.08,0.991,1.230,0.27,311.93941,0.01039,,19
2022-04-30T17:30:45.800Z,40.4309072,-111.7122967,2404.777,7.44,-8.23,24.91,0.994,1.234,0.26,312.11389,0.00953,,19
2022-04-30T17:30:46.000Z,40.4309213,-111.7123173,2399.723,8.23,-9.18,25.73,0.997,1.239,0.26,311.87668,0.00911,,18
2022-04-30T17:30:46.200Z,40.4309368,-111.7123401,2394.529,8.95,-10.03,26.39,1.000,1.244,0.26,311.74327,0.00878,,18
2022-04-30T17:30:46.400Z,40.4309532,-111.7123648,2389.136,9.49,-10.93,27.14,1.004,1.250,0.26,310.96623,0.00845,,17
2022-04-30T17:30:46.600Z,40.4309702,-111.7123909,2383.473,9.95,-11.58,28.07,1.007,1.255,0.35,310.67049,0.01095,,17
2022-04-30T17:30:46.800Z,40.4309883,-111.7124189,2377.635,10.61,-12.49,28.98,1.010,1.261,0.41,310.34722,0.01231,,17
2022-04-30T17:30:47.000Z,40.4310087,-111.7124498,2371.886,11.74,-13.37,29.49,1.013,1.268,0.36,311.28589,0.01045,,16
2022-04-30T17:30:47.200Z,40.4310310,-111.7124828,2366.074,12.79,-14.28,29.60,1.017,1.275,0.31,311.84948,0.00879,,16
2022-04-30T17:30:47.400Z,40.4310552,-111.7125179,2360.207,13.80,-15.20,29.85,1.021,1.281,0.27,312.23614,0.00745,,16
2022-04-30T17:30:47.600Z,40.4310810,-111.7125548,2354.237,14.60,-15.90,30.28,1.025,1.288,0.27,312.55936,0.00726,,16
2022-04-30T17:30:47.800Z,40.4311083,-111.7125938,2348.224,15.57,-16.88,30.37,1.028,1.293,0.25,312.68824,0.00657,,16
2022-04-30T17:30:48.000Z,40.4311376,-111.7126348,2342.202,16.71,-17.69,30.36,1.029,1.296,0.25,313.36818,0.00643,,16
2022-04-30T17:30:48.200Z,40.4311688,-111.7126777,2336.172,17.85,-18.56,29.99,1.030,1.299,0.25,313.88287,0.00632,,16
2022-04-30T17:30:48.400Z,40.4312019,-111.7127226,2330.258,18.81,-19.33,29.63,1.031,1.302,0.25,314.21888,0.00624,,16
2022-04-30T17:30:48.600Z,40.4312368,-111.7127692,2324.392,19.80,-20.08,29.35,1.032,1.304,0.24,314.59773,0.00590,,16
2022-04-30T17:30:48.800Z,40.4312733,-111.7128174,2318.567,20.64,-20.70,29.26,1.032,1.306,0.24,314.91684,0.00580,,15
2022-04-30T17:30:49.000Z,40.4313113,-111.7128672,2312.778,21.42,-21.38,28.99,1.033,1.307,0.24,315.05355,0.00573,,15
2022-04-30T17:30:49.200Z,40.4313506,-111.7129189,2307.028,22.22,-22.46,28.60,1.033,1.310,0.24,314.69224,0.00563,,15
2022-04-30T17:30:49.400Z,40.4313910,-111.7129732,2301.354,22.63,-23.45,28.28,1.035,1.312,0.26,313.98052,0.00603,,15
2022-04-30T17:30:49.600Z,40.4314323,-111.7130295,2295.756,23.08,-24.20,27.95,1.036,1.314,0.26,313.64299,0.00597,,15
2022-04-30T17:30:49.800Z,40.4314744,-111.7130873,2290.188,23.66,-24.88,27.67,1.038,1.316,0.27,313.56024,0.00612,,15
2022-04-30T17:30:50.000Z,40.4315176,-111.7131469,2284.819,24.35,-25.63,26.00,1.040,1.318,0.27,313.53296,0.00615,,15
2022-04-30T17:30:50.200Z,40.4315622,-111.7132083,2279.702,25.10,-26.48,25.06,1.041,1.320,0.27,313.46744,0.00610,,16
2022-04-30T17:30:50.400Z,40.4316078,-111.7132715,2274.734,25.48,-27.12,24.74,1.043,1.322,0.30,313.21417,0.00671,,16
2022-04-30T17:30:50.600Z,40.4316540,-111.7133360,2269.817,25.82,-27.63,24.25,1.045,1.323,0.29,313.06051,0.00646,,16
2022-04-30T17:30:50.800Z,40.4317008,-111.7134019,2264.990,26.20,-28.22,24.16,1.047,1.324,0.29,312.87423,0.00638,,16
2022-04-30T17:30:51.000Z,40.4317482,-111.7134685,2260.117,26.51,-28.48,24.08,1.049,1.324,0.34,312.94827,0.00743,,16
2022-04-30T17:30:51.200Z,40.4317965,-111.7135354,2255.282,27.14,-28.38,24.00,1.053,1.325,0.34,313.72055,0.00739,,16
2022-04-30T17:30:51.400Z,40.4318460,-111.7136020,2250.397,27.93,-28.25,24.41,1.058,1.327,0.34,314.67365,0.00729,,16
2022-04-30T17:30:51.600Z,40.4318969,-111.7136683,2245.503,28.53,-27.93,24.77,1.063,1.328,0.33,315.60886,0.00702,,16
2022-04-30T17:30:51.800Z,40.4319488,-111.7137340,2240.505,29.10,-27.83,25.15,1.068,1.331,0.33,316.27795,0.00695,,16
2022-04-30T17:30:52.000Z,40.4320013,-111.7137997,2235.403,29.16,-27.94,25.89,1.072,1.336,0.28,316.22400,0.00584,,16
2022-04-30T17:30:52.200Z,40.4320539,-111.7138658,2230.169,29.23,-28.14,26.45,1.075,1.342,0.31,316.08846,0.00640,,16
2022-04-30T17:30:52.400Z,40.4321069,-111.7139333,2225.051,29.56,-29.04,25.07,1.077,1.347,0.31,315.50841,0.00640,,16
2022-04-30T17:30:52.600Z,40.4321603,-111.7140028,2220.227,29.58,-29.84,23.39,1.079,1.354,0.28,314.74930,0.00582,,16
2022-04-30T17:30:52.800Z,40.4322133,-111.7140745,2215.637,29.16,-31.00,22.60,1.080,1.360,0.27,313.24815,0.00560,,16
2022-04-30T17:30:53.000Z,40.4322652,-111.7141488,2211.147,28.43,-31.96,22.44,1.081,1.367,0.27,311.65467,0.00559,,16
2022-04-30T17:30:53.200Z,40.4323157,-111.7142251,2206.643,27.61,-32.76,22.62,1.082,1.374,0.27,310.12406,0.00557,,16
2022-04-30T17:30:53.400Z,40.4323645,-111.7143033,2202.098,26.60,-33.60,22.78,1.083,1.379,0.25,308.36749,0.00515,,16
2022-04-30T17:30:53.600Z,40.4324113,-111.7143838,2197.523,25.35,-34.74,22.87,1.084,1.385,0.26,306.11847,0.00534,,16
2022-04-30T17:30:53.800Z,40.4324556,-111.7144672,2192.963,23.85,-36.05,22.73,1.085,1.390,0.27,303.48787,0.00553,,15
2022-04-30T17:30:54.000Z,40.4324973,-111.7145533,2188.329,22.62,-37.03,22.57,1.085,1.383,0.27,301.41892,0.00552,,15
2022-04-30T17:30:54.200Z,40.4325367,-111.7146412,2183.681,21.36,-37.81,22.59,1.085,1.379,0.29,299.46340,0.00592,,15
2022-04-30T17:30:54.400Z,40.4325740,-111.7147312,2179.073,20.31,-38.67,22.36,1.086,1.377,0.30,297.70905,0.00611,,15
2022-04-30T17:30:54.600Z,40.4326096,-111.7148233,2174.558,19.35,-39.60,21.82,1.087,1.377,0.30,296.04182,0.00610,,15
2022-04-30T17:30:54.800Z,40.4326439,-111.7149170,2170.143,18.90,-40.06,21.41,1.089,1.378,0.29,295.25758,0.00589,,14
2022-04-30T17:30:55.000Z,40.4326777,-111.7150118,2165.852,18.64,-40.55,20.93,1.088,1.379,0.30,294.68727,0.00609,,14
2022-04-30T17:30:55.200Z,40.4327113,-111.7151074,2161.665,18.55,-40.75,20.32,1.088,1.381,0.28,294.47573,0.00569,,14
2022-04-30T17:30:55.400Z,40.4327447,-111.7152037,2157.622,18.55,-40.99,19.83,1.087,1.384,0.28,294.34910,0.00569,,14
2022-04-30T17:30:55.600Z,40.4327784,-111.7153003,2153.673,18.80,-40.98,19.43,1.086,1.386,0.30,294.64378,0.00611,,14
2022-04-30T17:30:55.800Z,40.4328130,-111.7153966,2149.890,19.61,-40.69,18.57,1.087,1.391,0.35,295.73112,0.00717,,14
2022-04-30T17:30:56.000Z,40.4328493,-111.7154924,2146.333,20.76,-40.10,17.53,1.083,1.390,0.36,297.37086,0.00743,,14
2022-04-30T17:30:56.200Z,40.4328878,-111.7155864,2142.984,22.12,-39.30,16.53,1.080,1.390,0.35,299.37298,0.00729,,14
2022-04-30T17:30:56.400Z,40.4329287,-111.7156781,2139.858,23.35,-38.04,15.58,1.077,1.389,0.40,301.54275,0.00846,,14
2022-04-30T17:30:56.600Z,40.4329725,-111.7157665,2136.851,25.31,-36.83,14.62,1.081,1.391,0.48,304.49730,0.01021,,14
2022-04-30T17:30:56.800Z,40.4330195,-111.7158515,2133.991,26.89,-35.23,14.08,1.088,1.392,0.46,307.35341,0.00989,,14
2022-04-30T17:30:57.000Z,40.4330692,-111.7159329,2131.340,28.59,-33.57,13.36,1.097,1.397,0.52,310.41948,0.01129,,14
2022-04-30T17:30:57.200Z,40.4331220,-111.7160102,2128.777,30.17,-31.89,12.89,1.107,1.399,0.49,313.41245,0.01071,,14
2022-04-30T17:30:57.400Z,40.4331771,-111.7160841,2126.303,31.49,-30.67,12.67,1.116,1.401,0.50,315.75579,0.01093,,14
2022-04-30T17:30:57.600Z,40.4332346,-111.7161549,2123.864,32.49,-29.26,12.61,1.127,1.405,0.51,317.99428,0.01121,,14
2022-04-30T17:30:57.800Z,40.4332938,-111.7162220,2121.393,33.49,-27.72,12.21,1.139,1.412,0.52,320.38511,0.01152,,15
2022-04-30T17:30:58.000Z,40.4333545,-111.7162855,2119.008,34.04,-26.24,11.86,1.149,1.415,0.50,322.37289,0.01121,,15
2022-04-30T17:30:58.200Z,40.4334162,-111.7163460,2116.704,34.65,-25.10,11.46,1.158,1.417,0.47,324.08093,0.01061,,15
2022-04-30T17:30:58.400Z,40.4334787,-111.7164042,2114.524,35.02,-24.19,10.87,1.166,1.418,0.45,325.36529,0.01024,,15
2022-04-30T17:30:58.600Z,40.4335417,-111.7164603,2112.377,35.21,-23.59,10.61,1.171,1.418,0.43,326.17870,0.00984,,15
2022-04-30T17:30:58.800Z,40.4336049,-111.7165155,2110.288,35.05,-23.29,10.47,1.175,1.421,0.40,326.39678,0.00922,,15
2022-04-30T17:30:59.000Z,40.4336676,-111.7165702,2108.242,34.79,-23.18,10.11,1.177,1.422,0.39,326.32514,0.00907,,15
2022-04-30T17:30:59.200Z,40.4337299,-111.7166252,2106.220,34.42,-23.53,9.99,1.176,1.424,0.37,325.64293,0.00863,,16
2022-04-30T17:30:59.400Z,40.4337914,-111.7166811,2104.201,33.87,-23.94,10.15,1.172,1.422,0.33,324.74656,0.00773,,16
2022-04-30T17:30:59.600Z,40.4338515,-111.7167376,2102.097,33.25,-24.41,10.15,1.165,1.414,0.27,323.71629,0.00636,,17
2022-04-30T17:30:59.800Z,40.4339106,-111.7167956,2100.020,32.50,-24.92,10.12,1.154,1.404,0.24,322.52012,0.00569,,16
2022-04-30T17:31:00.000Z,40.4339685,-111.7168551,2098.004,31.72,-25.59,10.19,1.142,1.391,0.25,321.10527,0.00595,,17
2022-04-30T17:31:00.200Z,40.4340254,-111.7169166,2095.997,31.02,-26.12,10.28,1.131,1.381,0.26,319.90137,0.00621,,17
2022-04-30T17:31:00.400Z,40.4340813,-111.7169798,2094.011,30.30,-26.68,10.46,1.116,1.364,0.25,318.63518,0.00599,,17
2022-04-30T17:31:00.600Z,40.4341360,-111.7170442,2092.007,29.67,-27.19,10.67,1.096,1.339,0.25,317.49742,0.00600,,17
2022-04-30T17:31:00.800Z,40.4341886,-111.7171084,2089.727,29.22,-27.71,10.99,1.082,1.321,0.26,316.51935,0.00623,,17
2022-04-30T17:31:01.000Z,40.4342406,-111.7171741,2087.508,28.49,-28.12,10.96,1.074,1.314,0.28,315.37448,0.00675,,17
2022-04-30T17:31:01.200Z,40.4342918,-111.7172407,2085.283,28.26,-28.38,11.18,1.067,1.307,0.28,314.87861,0.00673,,17
2022-04-30T17:31:01.400Z,40.4343426,-111.7173081,2082.974,27.99,-28.73,11.65,1.052,1.286,0.25,314.25253,0.00599,,17
2022-04-30T17:31:01.600Z,40.4343931,-111.7173764,2080.677,27.70,-28.86,11.57,1.037,1.267,0.24,313.82507,0.00576,,17
2022-04-30T17:31:01.800Z,40.4344435,-111.7174452,2078.426,27.62,-28.93,11.50,1.026,1.254,0.26,313.67296,0.00625,,17
2022-04-30T17:31:02.000Z,40.4344941,-111.7175147,2076.323,27.60,-29.01,11.42,1.015,1.241,0.26,313.57321,0.00624,,17
2022-04-30T17:31:02.200Z,40.4345446,-111.7175834,2074.138,27.86,-28.65,11.49,1.006,1.229,0.27,314.19907,0.00649,,17
2022-04-30T17:31:02.400Z,40.4345952,-111.7176516,2071.957,27.79,-28.50,11.45,0.997,1.216,0.27,314.27735,0.00652,,17
2022-04-30T17:31:02.600Z,40.4346454,-111.7177184,2069.674,28.01,-28.09,11.50,0.989,1.205,0.27,314.91829,0.00654,,17
2022-04-30T17:31:02.800Z,40.4346962,-111.7177838,2067.372,28.53,-27.53,11.15,0.983,1.196,0.28,316.02194,0.00680,,17
2022-04-30T17:31:03.000Z,40.4347480,-111.7178477,2065.145,29.04,-26.89,10.85,0.978,1.190,0.28,317.20142,0.00682,,17
2022-04-30T17:31:03.200Z,40.4348003,-111.7179101,2062.872,29.40,-26.44,10.99,0.973,1.183,0.28,318.03433,0.00682,,17
2022-04-30T17:31:03.400Z,40.4348535,-111.7179719,2060.616,29.67,-26.03,11.26,0.968,1.176,0.28,318.73897,0.00682,,17
2022-04-30T17:31:03.600Z,40.4349073,-111.7180331,2058.340,29.88,-25.86,11.56,0.964,1.171,0.30,319.12506,0.00729,,17
2022-04-30T17:31:03.800Z,40.4349612,-111.7180936,2056.033,29.90,-25.37,11.51,0.960,1.165,0.28,319.68556,0.00685,,17
2022-04-30T17:31:04.000Z,40.4350153,-111.7181532,2053.759,30.09,-25.21,11.49,0.957,1.162,0.30,320.04306,0.00733,,17
2022-04-30T17:31:04.200Z,40.4350697,-111.7182128,2051.460,30.24,-25.26,11.35,0.956,1.159,0.32,320.12740,0.00780,,17
2022-04-30T17:31:04.400Z,40.4351239,-111.7182723,2049.204,30.03,-25.30,11.33,0.955,1.158,0.34,319.88617,0.00832,,17
2022-04-30T17:31:04.600Z,40.4351778,-111.7183321,2046.919,29.77,-25.51,11.63,0.955,1.157,0.32,319.40663,0.00783,,17
2022-04-30T17:31:04.800Z,40.4352313,-111.7183925,2044.567,29.62,-25.72,11.89,0.953,1.156,0.28,319.03117,0.00683,,17
2022-04-30T17:31:05.000Z,40.4352843,-111.7184534,2042.144,29.26,-26.00,12.07,0.950,1.155,0.28,318.37619,0.00684,,17
2022-04-30T17:31:05.200Z,40.4353368,-111.7185150,2039.709,28.89,-26.21,12.24,0.946,1.148,0.28,317.78461,0.00685,,17
2022-04-30T17:31:05.400Z,40.4353888,-111.7185772,2037.225,28.79,-26.61,12.53,0.941,1.143,0.25,317.25344,0.00607,,17
2022-04-30T17:31:05.600Z,40.4354405,-111.7186402,2034.646,28.51,-26.84,13.12,0.935,1.138,0.25,316.72818,0.00605,,17
2022-04-30T17:31:05.800Z,40.4354916,-111.7187038,2031.907,28.19,-27.16,13.92,0.930,1.134,0.25,316.06609,0.00602,,17
2022-04-30T17:31:06.000Z,40.4355422,-111.7187680,2029.054,27.91,-27.34,14.48,0.927,1.131,0.25,315.59108,0.00600,,17
2022-04-30T17:31:06.200Z,40.4355924,-111.7188328,2026.115,27.90,-27.73,14.51,0.924,1.128,0.25,315.17509,0.00596,,17
2022-04-30T17:31:06.400Z,40.4356423,-111.7188981,2023.102,27.52,-27.79,15.34,0.920,1.125,0.22,314.72031,0.00524,,17
2022-04-30T17:31:06.600Z,40.4356918,-111.7189639,2019.943,27.44,-28.12,15.79,0.916,1.121,0.22,314.29879,0.00520,,17
2022-04-30T17:31:06.800Z,40.4357410,-111.7190306,2016.716,27.19,-28.52,16.04,0.912,1.119,0.22,313.63240,0.00517,,17
2022-04-30T17:31:07.000Z,40.4357897,-111.7190979,2013.410,26.82,-28.63,16.88,0.908,1.115,0.22,313.13041,0.00515,,17
2022-04-30T17:31:07.200Z,40.4358378,-111.7191661,2010.001,26.56,-29.18,17.21,0.905,1.112,0.22,312.30885,0.00511,,17
2022-04-30T17:31:07.400Z,40.4358856,-111.7192352,2006.505,26.42,-29.38,17.94,0.901,1.109,0.22,311.96350,0.00507,,17
2022-04-30T17:31:07.600Z,40.4359330,-111.7193047,2002.914,26.26,-29.65,18.00,0.898,1.107,0.22,311.53022,0.00506,,17
2022-04-30T17:31:07.800Z,40.4359801,-111.7193748,1999.315,26.06,-30.01,17.57,0.895,1.106,0.22,310.97030,0.00506,,17
2022-04-30T17:31:08.000Z,40.4360269,-111.7194458,1995.753,25.99,-30.17,18.28,0.892,1.102,0.22,310.74331,0.00502,,17
2022-04-30T17:31:08.200Z,40.4360737,-111.7195171,1992.114,26.05,-30.40,18.20,0.888,1.099,0.22,310.59353,0.00500,,17
2022-04-30T17:31:08.400Z,40.4361207,-111.7195887,1988.430,26.14,-30.49,18.41,0.884,1.097,0.22,310.60748,0.00498,,17
2022-04-30T17:31:08.600Z,40.4361679,-111.7196605,1984.726,26.30,-30.58,18.53,0.880,1.096,0.22,310.69682,0.00496,,17
2022-04-30T17:31:08.800Z,40.4362154,-111.7197327,1981.004,26.40,-30.71,18.69,0.877,1.095,0.22,310.68416,0.00493,,17
2022-04-30T17:31:09.000Z,40.4362630,-111.7198048,1977.229,26.54,-30.64,18.86,0.874,1.093,0.22,310.89872,0.00492,,17
2022-04-30T17:31:09.200Z,40.4363109,-111.7198769,1973.400,26.72,-30.68,19.25,0.871,1.091,0.21,311.05344,0.00467,,17
2022-04-30T17:31:09.400Z,40.4363590,-111.7199492,1969.512,26.70,-30.79,19.28,0.868,1.088,0.21,310.93067,0.00466,,17
2022-04-30T17:31:09.600Z,40.4364070,-111.7200219,1965.640,26.74,-30.93,19.29,0.864,1.086,0.21,310.84449,0.00465,,17
2022-04-30T17:31:09.800Z,40.4364549,-111.7200950,1961.789,26.51,-31.14,19.27,0.861,1.083,0.21,310.40830,0.00465,,17
2022-04-30T17:31:10.000Z,40.4365023,-111.7201687,1958.003,26.22,-31.49,18.40,0.859,1.080,0.23,309.78230,0.00512,,17
2022-04-30T17:31:10.200Z,40.4365491,-111.7202433,1954.397,25.92,-31.86,17.63,0.857,1.077,0.26,309.13040,0.00582,,17
2022-04-30T17:31:10.400Z,40.4365954,-111.7203189,1950.969,25.46,-32.25,16.71,0.857,1.078,0.26,308.28959,0.00586,,17
2022-04-30T17:31:10.600Z,40.4366407,-111.7203952,1947.753,24.87,-32.49,15.51,0.857,1.080,0.28,307.43284,0.00640,,17
2022-04-30T17:31:10.800Z,40.4366849,-111.7204719,1944.787,24.19,-32.64,14.12,0.857,1.081,0.28,306.54271,0.00651,,17
2022-04-30T17:31:11.000Z,40.4367279,-111.7205489,1942.059,23.63,-32.74,13.00,0.857,1.082,0.28,305.81976,0.00660,,17
2022-04-30T17:31:11.200Z,40.4367699,-111.7206259,1939.532,23.07,-32.67,12.11,0.858,1.083,0.29,305.22792,0.00694,,17
2022-04-30T17:31:11.400Z,40.4368112,-111.7207027,1937.192,22.73,-32.49,11.26,0.858,1.083,0.29,304.97663,0.00704,,17
2022-04-30T17:31:11.600Z,40.4368520,-111.7207789,1935.023,22.37,-32.22,10.33,0.859,1.080,0.31,304.77183,0.00764,,17
2022-04-30T17:31:11.800Z,40.4368922,-111.7208543,1933.106,22.03,-31.68,9.02,0.860,1.080,0.31,304.81442,0.00782,,17
2022-04-30T17:31:12.000Z,40.4369324,-111.7209287,1931.632,21.40,-30.94,7.36,0.851,1.068,0.27,304.67011,0.00704,,17
2022-04-30T17:31:12.200Z,40.4369709,-111.7210004,1930.444,20.66,-29.64,5.24,0.842,1.057,0.28,304.87769,0.00767,,17
2022-04-30T17:31:12.400Z,40.4370081,-111.7210691,1929.671,19.76,-28.24,3.36,0.836,1.050,0.29,304.98113,0.00837,,17
2022-04-30T17:31:12.600Z,40.4370432,-111.7211344,1929.150,18.97,-27.20,2.17,0.836,1.050,0.34,304.89294,0.01023,,17
2022-04-30T17:31:12.800Z,40.4370767,-111.7211966,1928.816,18.14,-25.54,1.04,0.837,1.051,0.34,305.38459,0.01085,,17
2022-04-30T17:31:13.000Z,40.4371086,-111.7212563,1928.619,17.22,-25.21,0.60,0.840,1.051,0.40,304.33551,0.01310,,17
2022-04-30T17:31:13.200Z,40.4371389,-111.7213138,1928.493,16.59,-23.67,0.34,0.846,1.055,0.41,305.02612,0.01418,,17
2022-04-30T17:31:13.400Z,40.4371681,-111.7213684,1928.428,15.80,-22.74,0.04,0.852,1.061,0.41,304.79199,0.01481,,17
2022-04-30T17:31:13.600Z,40.4371963,-111.7214199,1928.404,15.52,-21.09,0.14,0.858,1.067,0.41,306.34912,0.01566,,17
2022-04-30T17:31:13.800Z,40.4372237,-111.7214682,1928.394,15.02,-19.99,0.12,0.865,1.074,0.44,306.92031,0.01760,,17
2022-04-30T17:31:14.000Z,40.4372503,-111.7215143,1928.338,14.57,-19.19,0.25,0.872,1.081,0.42,307.20757,0.01743,,16
2022-04-30T17:31:14.200Z,40.4372763,-111.7215577,1928.201,14.30,-17.81,0.86,0.877,1.086,0.39,308.76167,0.01706,,16
2022-04-30T17:31:14.400Z,40.4373015,-111.7215983,1927.921,13.79,-16.76,1.44,0.882,1.091,0.37,309.44729,0.01701,,16
2022-04-30T17:31:14.600Z,40.4373262,-111.7216364,1927.463,13.62,-15.73,2.50,0.884,1.094,0.33,310.88803,0.01575,,16
2022-04-30T17:31:14.800Z,40.4373508,-111.7216728,1926.761,13.72,-15.30,3.81,0.886,1.096,0.31,311.88360,0.01483,,16
2022-04-30T17:31:15.000Z,40.4373754,-111.7217082,1925.796,13.76,-14.93,5.48,0.887,1.095,0.33,312.66473,0.01569,,16
2022-04-30T17:31:15.200Z,40.4373998,-111.7217427,1924.554,13.45,-14.52,6.54,0.887,1.094,0.26,312.80920,0.01247,,16
2022-04-30T17:31:15.400Z,40.4374241,-111.7217762,1922.918,13.57,-14.38,8.06,0.883,1.078,0.24,313.34001,0.01124,,16
2022-04-30T17:31:15.600Z,40.4374485,-111.7218104,1921.195,13.58,-14.70,8.99,0.881,1.078,0.24,312.73205,0.01094,,16
2022-04-30T17:31:15.800Z,40.4374723,-111.7218436,1919.307,12.93,-13.61,9.60,0.880,1.080,0.26,313.53231,0.01233,,16
2022-04-30T17:31:16.000Z,40.4374959,-111.7218761,1917.190,13.23,-14.07,11.27,0.882,1.080,0.31,313.23761,0.01386,,16
2022-04-30T17:31:16.200Z,40.4375197,-111.7219080,1914.866,13.35,-13.22,11.61,0.884,1.080,0.30,315.28033,0.01358,,16
2022-04-30T17:31:16.400Z,40.4375437,-111.7219389,1912.402,13.37,-13.12,12.33,0.885,1.080,0.29,315.54071,0.01293,,16
2022-04-30T17:31:16.600Z,40.4375677,-111.7219692,1909.872,13.33,-12.71,12.71,0.885,1.079,0.30,316.36393,0.01341,,16
2022-04-30T17:31:16.800Z,40.4375919,-111.7219983,1907.262,13.60,-12.14,12.78,0.886,1.078,0.29,318.24640,0.01303,,16
2022-04-30T17:31:17.000Z,40.4376151,-111.7220227,1904.685,12.34,-8.78,12.72,0.889,1.079,0.32,324.56787,0.01618,,16
2022-04-30T17:31:17.200Z,40.4376321,-111.7220389,1901.852,6.88,-5.49,15.50,0.893,1.084,0.32,321.41135,0.01795,,15
2022-04-30T17:31:17.400Z,40.4376454,-111.7220545,1898.597,7.85,-7.75,17.45,0.900,1.097,0.43,315.36728,0.02083,,15
2022-04-30T17:31:17.600Z,40.4376607,-111.7220726,1895.411,8.79,-7.50,14.97,0.916,1.120,0.57,319.52779,0.03014,,15
2022-04-30T17:31:17.800Z,40.4376757,-111.7220875,1892.608,7.70,-5.54,13.74,0.945,1.151,0.57,324.26572,0.03414,,15
2022-04-30T17:31:18.000Z,40.4376878,-111.7220967,1890.393,5.33,-3.12,10.69,0.975,1.183,0.56,329.65675,0.04536,,15
2022-04-30T17:31:18.200Z,40.4376974,-111.7221008,1888.112,5.43,-0.61,11.16,0.994,1.212,0.50,353.59033,0.04024,,15
2022-04-30T17:31:18.400Z,40.4377057,-111.7221010,1885.930,3.56,0.27,10.11,1.004,1.242,0.54,4.33716,0.05036,,15
2022-04-30T17:31:18.600Z,40.4377128,-111.7221019,1883.938,3.83,-1.05,9.43,1.017,1.282,0.59,344.66896,0.05766,,15
2022-04-30T17:31:18.800Z,40.4377200,-111.7221046,1882.305,3.66,-1.49,7.67,1.031,1.324,0.57,337.84857,0.06606,,15
2022-04-30T17:31:19.000Z,40.4377276,-111.7221077,1880.636,4.74,-1.27,8.14,1.041,1.349,0.48,345.00089,0.05050,,15
2022-04-30T17:31:19.200Z,40.4377363,-111.7221103,1879.035,4.67,-1.04,7.94,1.044,1.354,0.42,347.44521,0.04531,,15
2022-04-30T17:31:19.400Z,40.4377441,-111.7221123,1877.423,4.26,-1.17,7.79,1.044,1.346,0.34,344.64251,0.03797,,15
2022-04-30T17:31:19.600Z,40.4377517,-111.7221140,1875.883,4.17,-0.69,7.34,1.041,1.332,0.30,350.60453,0.03542,,15
2022-04-30T17:31:19.800Z,40.4377597,-111.7221150,1874.427,4.42,-0.20,7.46,1.037,1.320,0.29,357.40920,0.03344,,15
2022-04-30T17:31:20.000Z,40.4377679,-111.7221151,1872.856,4.79,-0.04,7.29,1.033,1.311,0.28,359.52155,0.03210,,15
2022-04-30T17:31:20.200Z,40.4377767,-111.7221152,1871.462,4.78,-0.19,6.99,1.029,1.301,0.27,357.72375,0.03188,,15
2022-04-30T17:31:20.400Z,40.4377851,-111.7221164,1870.061,4.75,-0.65,6.88,1.025,1.291,0.26,352.20792,0.03101,,15
2022-04-30T17:31:20.600Z,40.4377936,-111.7221188,1868.631,4.75,-1.52,7.23,1.021,1.288,0.27,342.25533,0.03074,,15
2022-04-30T17:31:20.800Z,40.4378019,-111.7221228,1867.206,4.79,-1.79,7.55,1.018,1.284,0.27,339.50953,0.02961,,15
2022-04-30T17:31:21.000Z,40.4378102,-111.7221276,1865.679,4.58,-2.15,7.59,1.016,1.281,0.27,334.85312,0.02960,,15
2022-04-30T17:31:21.200Z,40.4378191,-111.7221326,1864.226,5.01,-2.22,7.57,1.013,1.278,0.25,336.10121,0.02675,,15
2022-04-30T17:31:21.400Z,40.4378285,-111.7221389,1862.647,5.10,-2.86,7.68,1.010,1.279,0.27,330.71698,0.02797,,15
2022-04-30T17:31:21.600Z,40.4378380,-111.7221466,1861.081,5.35,-3.48,7.80,1.007,1.280,0.27,326.95731,0.02679,,15
2022-04-30T17:31:21.800Z,40.4378472,-111.7221556,1859.585,5.14,-4.05,7.50,1.004,1.283,0.29,321.76409,0.02914,,15
2022-04-30T17:31:22.000Z,40.4378570,-111.7221663,1858.088,6.02,-4.91,7.27,1.003,1.288,0.28,320.79881,0.02632,,15
2022-04-30T17:31:22.200Z,40.4378681,-111.7221780,1856.680,6.23,-4.83,6.71,1.003,1.294,0.31,322.21426,0.02995,,15
2022-04-30T17:31:22.400Z,40.4378792,-111.7221893,1855.468,6.08,-4.55,5.56,1.003,1.302,0.30,323.19046,0.03187,,15
2022-04-30T17:31:22.600Z,40.4378899,-111.7221999,1854.415,5.86,-4.29,4.76,1.002,1.307,0.26,323.79282,0.02994,,15
2022-04-30T17:31:22.800Z,40.4379009,-111.7222108,1853.465,6.50,-4.74,4.22,1.002,1.307,0.31,323.89932,0.03412,,15
2022-04-30T17:31:23.000Z,40.4379129,-111.7222221,1852.617,6.86,-4.74,3.73,1.003,1.309,0.31,325.35700,0.03394,,15
2022-04-30T17:31:23.200Z,40.4379255,-111.7222334,1852.038,6.93,-4.78,3.36,1.002,1.296,0.30,325.40385,0.03310,,15
2022-04-30T17:31:23.400Z,40.4379381,-111.7222451,1851.577,6.69,-4.63,3.16,1.001,1.287,0.32,325.31375,0.03666,,15
2022-04-30T17:31:23.600Z,40.4379501,-111.7222560,1850.968,6.54,-4.24,2.95,1.001,1.279,0.31,327.04393,0.03720,,15
2022-04-30T17:31:23.800Z,40.4379617,-111.7222656,1850.282,6.49,-3.94,2.73,1.001,1.273,0.31,328.73857,0.03842,,15
2022-04-30T17:31:24.000Z,40.4379732,-111.7222746,1849.683,6.65,-3.85,2.41,1.000,1.267,0.25,329.93142,0.03104,,15
2022-04-30T17:31:24.200Z,40.4379851,-111.7222831,1849.195,6.69,-3.68,2.14,0.999,1.263,0.26,331.18592,0.03279,,15
2022-04-30T17:31:24.400Z,40.4379970,-111.7222914,1848.707,6.75,-3.66,2.24,0.997,1.258,0.26,331.53247,0.03251,,15
2022-04-30T17:31:24.600Z,40.4380092,-111.7222993,1848.225,6.90,-3.41,2.20,0.996,1.258,0.26,333.70128,0.03248,,15
2022-04-30T17:31:24.800Z,40.4380215,-111.7223073,1847.688,6.85,-3.53,2.75,0.995,1.256,0.26,332.73666,0.03178,,15
2022-04-30T17:31:25.000Z,40.4380332,-111.7223149,1847.136,6.35,-2.98,2.78,0.994,1.255,0.23,334.85974,0.03048,,15
2022-04-30T17:31:25.200Z,40.4380445,-111.7223206,1846.567,6.33,-2.10,2.26,0.993,1.254,0.23,341.64655,0.03266,,15
2022-04-30T17:31:25.400Z,40.4380562,-111.7223261,1846.021,6.87,-2.79,2.84,0.991,1.254,0.23,337.89726,0.02897,,15
2022-04-30T17:31:25.600Z,40.4380687,-111.7223326,1845.446,7.09,-2.93,2.81,0.990,1.253,0.23,337.54674,0.02815,,15
2022-04-30T17:31:25.800Z,40.4380813,-111.7223384,1844.897,6.96,-2.21,2.65,0.989,1.252,0.23,342.38386,0.02961,,15
2022-04-30T17:31:26.000Z,40.4380935,-111.7223427,1844.330,6.76,-1.65,2.97,0.987,1.251,0.22,346.28328,0.02908,,15
2022-04-30T17:31:26.200Z,40.4381056,-111.7223460,1843.721,6.73,-1.35,3.15,0.986,1.251,0.22,348.65733,0.02913,,15
2022-04-30T17:31:26.400Z,40.4381177,-111.7223488,1843.129,6.83,-1.12,3.07,0.985,1.250,0.22,350.68738,0.02906,,15
2022-04-30T17:31:26.600Z,40.4381298,-111.7223517,1842.490,6.66,-1.39,3.44,0.985,1.249,0.22,348.21110,0.02886,,15
2022-04-30T17:31:26.800Z,40.4381415,-111.7223549,1841.781,6.45,-1.30,3.70,0.984,1.249,0.22,348.60468,0.02914,,15
2022-04-30T17:31:27.000Z,40.4381532,-111.7223581,1840.986,6.68,-1.37,4.04,0.983,1.249,0.22,348.40994,0.02776,,15
2022-04-30T17:31:27.200Z,40.4381652,-111.7223609,1840.164,6.60,-1.07,4.23,0.983,1.250,0.23,350.79126,0.02907,,15
2022-04-30T17:31:27.400Z,40.4381769,-111.7223639,1839.297,6.45,-1.47,4.45,0.983,1.251,0.23,347.16118,0.02885,,15
2022-04-30T17:31:27.600Z,40.4381883,-111.7223668,1838.393,6.35,-1.01,4.40,0.983,1.252,0.24,350.96252,0.03080,,15
2022-04-30T17:31:27.800Z,40.4381995,-111.7223692,1837.484,6.20,-1.01,4.41,0.983,1.254,0.24,350.74761,0.03127,,15
2022-04-30T17:31:28.000Z,40.4382107,-111.7223720,1836.530,6.26,-1.27,4.96,0.983,1.255,0.24,348.53174,0.02968,,15
2022-04-30T17:31:28.200Z,40.4382222,-111.7223756,1835.495,6.46,-1.80,5.17,0.982,1.256,0.24,344.43015,0.02834,,15
2022-04-30T17:31:28.400Z,40.4382339,-111.7223800,1834.446,6.58,-1.93,5.13,0.982,1.261,0.25,343.65290,0.02919,,15
2022-04-30T17:31:28.600Z,40.4382458,-111.7223846,1833.396,6.59,-1.90,5.16,0.982,1.267,0.26,343.91690,0.03029,,15
2022-04-30T17:31:28.800Z,40.4382578,-111.7223890,1832.347,6.86,-1.85,4.95,0.982,1.273,0.26,344.90755,0.03003,,15
2022-04-30T17:31:29.000Z,40.4382701,-111.7223931,1831.351,6.79,-1.65,4.95,0.983,1.276,0.25,346.34161,0.02919,,15
2022-04-30T17:31:29.200Z,40.4382822,-111.7223966,1830.372,6.59,-1.43,4.81,0.985,1.280,0.30,347.75689,0.03622,,15
2022-04-30T17:31:29.400Z,40.4382940,-111.7223997,1829.371,6.51,-1.22,5.08,0.984,1.279,0.26,349.38566,0.03115,,15
2022-04-30T17:31:29.600Z,40.4383056,-111.7224028,1828.265,6.26,-1.43,6.35,0.986,1.285,0.34,347.13245,0.03765,,15
2022-04-30T17:31:29.800Z,40.4383173,-111.7224069,1827.060,6.81,-1.99,5.41,0.994,1.302,0.44,343.71072,0.04932,,15
2022-04-30T17:31:30.000Z,40.4383296,-111.7224121,1826.011,6.79,-2.31,5.16,1.006,1.323,0.45,341.21138,0.05093,,15
2022-04-30T17:31:30.200Z,40.4383416,-111.7224175,1824.957,6.64,-2.27,5.21,1.018,1.347,0.47,341.12611,0.05378,,15
2022-04-30T17:31:30.400Z,40.4383536,-111.7224232,1823.916,6.65,-2.48,5.02,1.031,1.374,0.47,339.54789,0.05406,,15
2022-04-30T17:31:30.600Z,40.4383656,-111.7224290,1822.847,6.74,-2.45,4.96,1.042,1.402,0.45,340.02372,0.05161,,15
2022-04-30T17:31:30.800Z,40.4383777,-111.7224349,1821.805,6.83,-2.54,4.83,1.051,1.431,0.44,339.60040,0.05033,,15
2022-04-30T17:31:31.000Z,40.4383901,-111.7224406,1820.807,6.90,-2.29,5.08,1.060,1.461,0.44,341.63982,0.04961,,15
2022-04-30T17:31:31.200Z,40.4384026,-111.7224464,1819.781,6.95,-2.55,5.23,1.070,1.492,0.45,339.85159,0.04965,,15
2022-04-30T17:31:31.400Z,40.4384152,-111.7224526,1818.706,6.99,-2.63,5.59,1.080,1.522,0.47,339.38110,0.05038,,15
2022-04-30T17:31:31.600Z,40.4384280,-111.7224593,1817.482,7.25,-2.97,5.78,1.092,1.546,0.47,337.72329,0.04827,,15
2022-04-30T17:31:31.800Z,40.4384411,-111.7224669,1816.221,7.43,-3.42,6.26,1.105,1.575,0.49,335.28357,0.04757,,15
2022-04-30T17:31:32.000Z,40.4384546,-111.7224753,1814.950,7.49,-3.55,6.12,1.114,1.593,0.43,334.64067,0.04173,,15
2022-04-30T17:31:32.200Z,40.4384684,-111.7224847,1813.656,7.66,-4.24,6.32,1.114,1.584,0.34,331.03438,0.03149,,15
2022-04-30T17:31:32.400Z,40.4384822,-111.7224941,1812.430,7.63,-3.96,6.72,1.113,1.555,0.29,332.57051,0.02658,,15
2022-04-30T17:31:32.600Z,40.4384958,-111.7225031,1811.180,7.47,-3.88,6.49,1.109,1.534,0.25,332.55214,0.02352,,15
2022-04-30T17:31:32.800Z,40.4385090,-111.7225127,1809.897,7.37,-4.20,6.08,1.106,1.522,0.24,330.32214,0.02300,,15
2022-04-30T17:31:33.000Z,40.4385216,-111.7225231,1808.560,6.97,-4.28,5.90,1.102,1.510,0.23,328.44757,0.02281,,15
2022-04-30T17:31:33.200Z,40.4385339,-111.7225339,1807.447,6.57,-4.44,5.47,1.098,1.499,0.23,325.94921,0.02388,,15
2022-04-30T17:31:33.400Z,40.4385456,-111.7225450,1806.369,6.41,-4.66,5.04,1.094,1.488,0.23,323.98326,0.02449,,15
2022-04-30T17:31:33.600Z,40.4385565,-111.7225560,1805.253,5.94,-4.57,4.72,1.090,1.477,0.23,322.42675,0.02597,,15
2022-04-30T17:31:33.800Z,40.4385668,-111.7225673,1804.299,5.36,-4.65,4.70,1.087,1.472,0.25,319.05714,0.02937,,15
2022-04-30T17:31:34.000Z,40.4385759,-111.7225787,1803.374,4.65,-4.59,4.58,1.084,1.468,0.25,315.37205,0.03133,,15
2022-04-30T17:31:34.200Z,40.4385837,-111.7225900,1802.437,3.93,-4.78,4.56,1.080,1.459,0.25,309.42621,0.03252,,15
2022-04-30T17:31:34.400Z,40.4385901,-111.7226015,1801.499,3.13,-4.89,4.54,1.076,1.449,0.23,302.62257,0.03121,,15
2022-04-30T17:31:34.600Z,40.4385950,-111.7226128,1800.679,2.38,-4.54,4.44,1.072,1.440,0.24,297.66484,0.03539,,14
2022-04-30T17:31:34.800Z,40.4385987,-111.7226234,1799.809,1.84,-4.42,4.38,1.068,1.430,0.23,292.60145,0.03544,,14
2022-04-30T17:31:35.000Z,40.4386016,-111.7226339,1798.962,1.31,-4.34,4.38,1.064,1.422,0.24,286.79609,0.03807,,14
2022-04-30T17:31:35.200Z,40.4386036,-111.7226440,1798.111,0.84,-4.12,4.39,1.060,1.412,0.24,281.52372,0.03948,,14
2022-04-30T17:31:35.400Z,40.4386047,-111.7226534,1797.136,0.50,-3.93,4.30,1.056,1.404,0.25,277.25059,0.04276,,14
2022-04-30T17:31:35.600Z,40.4386053,-111.7226619,1796.233,0.17,-3.37,4.36,1.053,1.398,0.26,272.88784,0.04716,,14
2022-04-30T17:31:35.800Z,40.4386057,-111.7226693,1795.433,0.30,-3.04,4.08,1.051,1.391,0.26,275.63594,0.05101,,14
2022-04-30T17:31:36.000Z,40.4386062,-111.7226762,1794.709,0.15,-2.70,3.83,1.048,1.386,0.26,273.17983,0.05546,,14
2022-04-30T17:31:36.200Z,40.4386066,-111.7226825,1793.949,0.27,-2.51,3.80,1.046,1.383,0.26,276.13968,0.05699,,14
2022-04-30T17:31:36.400Z,40.4386073,-111.7226885,1793.179,0.38,-2.41,4.03,1.045,1.380,0.26,278.96042,0.05519,,14
2022-04-30T17:31:36.600Z,40.4386082,-111.7226942,1792.425,0.47,-2.36,4.12,1.043,1.377,0.26,281.26324,0.05449,,14
2022-04-30T17:31:36.800Z,40.4386093,-111.7226998,1791.605,0.67,-2.30,4.33,1.042,1.374,0.26,286.24107,0.05254,,14
2022-04-30T17:31:37.000Z,40.4386108,-111.7227051,1790.750,0.91,-2.17,4.66,1.040,1.372,0.26,292.75098,0.04980,,14
2022-04-30T17:31:37.200Z,40.4386126,-111.7227101,1789.841,1.05,-1.99,4.93,1.039,1.370,0.26,297.81784,0.04798,,14
2022-04-30T17:31:37.400Z,40.4386146,-111.7227150,1788.893,1.06,-2.09,5.06,1.038,1.368,0.26,296.89308,0.04663,,14
2022-04-30T17:31:37.600Z,40.4386166,-111.7227199,1787.867,1.15,-2.09,5.16,1.038,1.366,0.26,298.82132,0.04574,,14
2022-04-30T17:31:37.800Z,40.4386187,-111.7227250,1786.801,1.15,-2.15,5.39,1.036,1.364,0.26,298.14160,0.04395,,14
2022-04-30T17:31:38.000Z,40.4386209,-111.7227304,1785.707,1.28,-2.42,5.49,1.035,1.361,0.26,297.87551,0.04238,,14
2022-04-30T17:31:38.200Z,40.4386233,-111.7227364,1784.633,1.33,-2.54,5.29,1.033,1.359,0.26,297.63755,0.04321,,14
2022-04-30T17:31:38.400Z,40.4386257,-111.7227425,1783.608,1.16,-2.50,5.18,1.032,1.357,0.26,294.89130,0.04431,,14
2022-04-30T17:31:38.600Z,40.4386277,-111.7227489,1782.536,0.94,-2.74,5.28,1.031,1.355,0.26,288.93534,0.04317,,14
2022-04-30T17:31:38.800Z,40.4386295,-111.7227559,1781.499,0.84,-2.95,5.28,1.030,1.354,0.26,285.89408,0.04258,,14
2022-04-30T17:31:39.000Z,40.4386314,-111.7227633,1780.447,0.99,-3.00,5.24,1.029,1.352,0.26,288.26289,0.04249,,14
2022-04-30T17:31:39.200Z,40.4386331,-111.7227707,1779.404,0.90,-2.99,4.96,1.028,1.350,0.26,286.75197,0.04436,,14
2022-04-30T17:31:39.400Z,40.4386348,-111.7227782,1778.439,0.80,-3.04,4.81,1.027,1.347,0.26,284.74356,0.04525,,14
2022-04-30T17:31:39.600Z,40.4386364,-111.7227856,1777.513,0.81,-2.99,4.47,1.026,1.345,0.25,285.15779,0.04597,,14
2022-04-30T17:31:39.800Z,40.4386379,-111.7227930,1776.648,0.76,-3.03,4.25,1.024,1.342,0.25,284.08073,0.04740,,14
2022-04-30T17:31:40.000Z,40.4386393,-111.7228003,1775.807,0.74,-2.95,4.08,1.023,1.341,0.25,284.08193,0.04913,,14
2022-04-30T17:31:40.200Z,40.4386407,-111.7228076,1774.965,0.70,-3.02,4.13,1.022,1.340,0.25,283.05003,0.04841,,14
2022-04-30T17:31:40.400Z,40.4386419,-111.7228149,1774.128,0.54,-2.91,4.07,1.022,1.340,0.25,280.51263,0.04968,,14
2022-04-30T17:31:40.600Z,40.4386429,-111.7228218,1773.278,0.42,-2.78,4.23,1.021,1.339,0.25,278.59123,0.04922,,14
2022-04-30T17:31:40.800Z,40.4386435,-111.7228285,1772.423,0.22,-2.77,4.18,1.021,1.339,0.25,274.54104,0.04981,,14
2022-04-30T17:31:41.000Z,40.4386439,-111.7228351,1771.559,0.07,-2.64,4.22,1.020,1.340,0.26,271.51885,0.05223,,14
2022-04-30T17:31:41.200Z,40.4386440,-111.7228414,1770.691,0.02,-2.58,4.23,1.020,1.340,0.26,270.44414,0.05247,,14
2022-04-30T17:31:41.400Z,40.4386439,-111.7228475,1769.807,-0.21,-2.42,4.47,1.020,1.341,0.26,265.04048,0.05111,,14
2022-04-30T17:31:41.600Z,40.4386433,-111.7228534,1768.890,-0.58,-2.47,4.57,1.021,1.342,0.26,256.78534,0.04974,,14
2022-04-30T17:31:41.800Z,40.4386422,-111.7228593,1767.934,-0.67,-2.29,4.83,1.020,1.341,0.27,253.69177,0.05012,,14
2022-04-30T17:31:42.000Z,40.4386407,-111.7228648,1766.916,-1.00,-2.27,4.99,1.020,1.341,0.27,246.22513,0.04845,,14
2022-04-30T17:31:42.200Z,40.4386386,-111.7228701,1765.894,-1.38,-2.10,5.12,1.019,1.341,0.27,236.68937,0.04734,,14
2022-04-30T17:31:42.400Z,40.4386361,-111.7228753,1764.862,-1.37,-2.10,5.09,1.020,1.341,0.27,236.88034,0.04758,,14
2022-04-30T17:31:42.600Z,40.4386335,-111.7228805,1763.843,-1.64,-2.18,5.08,1.020,1.342,0.28,233.04609,0.04856,,14
2022-04-30T17:31:42.800Z,40.4386303,-111.7228857,1762.816,-1.94,-2.10,5.28,1.020,1.343,0.28,227.26795,0.04663,,14
2022-04-30T17:31:43.000Z,40.4386265,-111.7228905,1761.792,-2.31,-1.90,5.06,1.021,1.342,0.28,219.43767,0.04764,,14
2022-04-30T17:31:43.200Z,40.4386221,-111.7228950,1760.809,-2.68,-1.73,4.99,1.020,1.341,0.28,212.84315,0.04728,,14
2022-04-30T17:31:43.400Z,40.4386170,-111.7228989,1759.817,-2.88,-1.52,4.68,1.020,1.341,0.28,207.82410,0.04911,,14
2022-04-30T17:31:43.600Z,40.4386117,-111.7229026,1758.912,-3.11,-1.41,4.56,1.020,1.340,0.28,204.38841,0.04915,,14
2022-04-30T17:31:43.800Z,40.4386060,-111.7229058,1758.026,-3.24,-1.17,4.52,1.020,1.339,0.28,199.85521,0.04927,,14
2022-04-30T17:31:44.000Z,40.4386000,-111.7229082,1757.178,-3.59,-0.75,4.37,1.020,1.339,0.29,191.80015,0.05083,,14
2022-04-30T17:31:44.200Z,40.4385932,-111.7229096,1756.310,-3.94,-0.32,4.48,1.021,1.338,0.29,184.64327,0.04854,,14
2022-04-30T17:31:44.400Z,40.4385859,-111.7229101,1755.397,-4.14,-0.03,4.55,1.020,1.338,0.28,180.41518,0.04552,,14
2022-04-30T17:31:44.600Z,40.4385785,-111.7229101,1754.511,-4.22,0.12,4.56,1.020,1.338,0.28,178.37118,0.04506,,14
2022-04-30T17:31:44.800Z,40.4385710,-111.7229098,1753.619,-4.13,0.29,4.58,1.019,1.337,0.28,175.98340,0.04535,,14
2022-04-30T17:31:45.000Z,40.4385636,-111.7229092,1752.725,-4.14,0.43,4.48,1.018,1.337,0.29,174.07025,0.04742,,14
2022-04-30T17:31:45.200Z,40.4385560,-111.7229081,1751.816,-4.27,0.60,4.48,1.018,1.336,0.29,172.00144,0.04664,,14
2022-04-30T17:31:45.400Z,40.4385482,-111.7229065,1750.928,-4.41,0.86,4.61,1.017,1.336,0.29,168.96517,0.04505,,14
2022-04-30T17:31:45.600Z,40.4385402,-111.7229044,1749.985,-4.53,1.02,4.77,1.017,1.335,0.29,167.31059,0.04356,,15
2022-04-30T17:31:45.800Z,40.4385319,-111.7229019,1749.036,-4.67,1.24,4.76,1.016,1.336,0.29,165.12969,0.04276,,15
2022-04-30T17:31:46.000Z,40.4385234,-111.7228988,1748.028,-4.77,1.46,5.06,1.016,1.337,0.29,162.98172,0.04081,,15
2022-04-30T17:31:46.200Z,40.4385148,-111.7228952,1747.042,-4.86,1.66,5.02,1.016,1.338,0.29,161.14169,0.04038,,15
2022-04-30T17:31:46.400Z,40.4385060,-111.7228913,1746.025,-4.92,1.74,5.14,1.016,1.339,0.29,160.52342,0.03959,,15
2022-04-30T17:31:46.600Z,40.4384969,-111.7228871,1745.001,-5.18,1.97,5.25,1.016,1.339,0.29,159.17775,0.03799,,15
2022-04-30T17:31:46.800Z,40.4384876,-111.7228826,1743.963,-5.17,1.99,5.15,1.016,1.340,0.29,158.94764,0.03834,,15
2022-04-30T17:31:47.000Z,40.4384781,-111.7228779,1742.928,-5.40,2.14,5.18,1.016,1.341,0.29,158.38176,0.03726,,15
2022-04-30T17:31:47.200Z,40.4384684,-111.7228730,1741.914,-5.42,2.11,5.07,1.016,1.342,0.29,158.72909,0.03759,,15
2022-04-30T17:31:47.400Z,40.4384587,-111.7228681,1740.924,-5.37,2.20,4.91,1.016,1.342,0.29,157.72190,0.03815,,15
2022-04-30T17:31:47.600Z,40.4384491,-111.7228631,1739.943,-5.38,2.08,4.94,1.016,1.343,0.29,158.86265,0.03819,,15
2022-04-30T17:31:47.800Z,40.4384394,-111.7228583,1738.991,-5.45,2.07,4.74,1.016,1.344,0.29,159.20240,0.03860,,15
2022-04-30T17:31:48.000Z,40.4384296,-111.7228537,1738.092,-5.53,1.97,4.53,1.016,1.345,0.29,160.39213,0.03911,,15
2022-04-30T17:31:48.200Z,40.4384198,-111.7228490,1737.225,-5.40,2.06,4.31,1.015,1.344,0.28,159.11907,0.03884,,15
2022-04-30T17:31:48.400Z,40.4384101,-111.7228444,1736.360,-5.34,1.86,4.25,1.015,1.342,0.28,160.79603,0.03958,,15
2022-04-30T17:31:48.600Z,40.4384006,-111.7228403,1735.556,-5.38,1.73,4.14,1.015,1.341,0.28,162.17422,0.03997,,15
2022-04-30T17:31:48.800Z,40.4383910,-111.7228364,1734.763,-5.35,1.70,4.06,1.014,1.340,0.27,162.37198,0.03897,,15
2022-04-30T17:31:49.000Z,40.4383813,-111.7228326,1733.946,-5.44,1.65,4.13,1.013,1.338,0.27,163.12699,0.03843,,15
2022-04-30T17:31:49.200Z,40.4383717,-111.7228290,1733.147,-5.35,1.48,4.18,1.012,1.335,0.27,164.53667,0.03886,,15
2022-04-30T17:31:49.400Z,40.4383622,-111.7228260,1732.335,-5.37,1.22,4.22,1.012,1.334,0.27,167.20035,0.03892,,14
2022-04-30T17:31:49.600Z,40.4383528,-111.7228234,1731.522,-5.16,1.19,4.25,1.011,1.332,0.27,167.01349,0.03976,,14
2022-04-30T17:31:49.800Z,40.4383437,-111.7228210,1730.682,-5.04,1.00,4.50,1.011,1.331,0.27,168.77754,0.03953,,14
2022-04-30T17:31:50.000Z,40.4383349,-111.7228191,1729.808,-4.85,0.79,4.54,1.011,1.329,0.27,170.74853,0.04036,,14
2022-04-30T17:31:50.200Z,40.4383262,-111.7228178,1728.909,-4.91,0.39,4.59,1.011,1.328,0.27,175.45855,0.04010,,15
2022-04-30T17:31:50.400Z,40.4383173,-111.7228173,1727.964,-4.89,0.19,4.65,1.011,1.327,0.28,177.77490,0.04148,,15
2022-04-30T17:31:50.600Z,40.4383088,-111.7228176,1727.030,-4.63,-0.30,4.67,1.010,1.327,0.28,183.70729,0.04253,,15
2022-04-30T17:31:50.800Z,40.4383010,-111.7228187,1726.116,-4.23,-0.47,4.75,1.009,1.326,0.28,186.34019,0.04390,,15
2022-04-30T17:31:51.000Z,40.4382937,-111.7228203,1725.172,-3.90,-0.67,4.66,1.007,1.322,0.27,189.74797,0.04416,,14
2022-04-30T17:31:51.200Z,40.4382869,-111.7228225,1724.241,-3.61,-1.08,4.67,1.006,1.320,0.27,196.65555,0.04500,,15
2022-04-30T17:31:51.400Z,40.4382807,-111.7228256,1723.342,-3.47,-1.35,4.65,1.004,1.318,0.27,201.25847,0.04532,,15
2022-04-30T17:31:51.600Z,40.4382749,-111.7228292,1722.458,-3.12,-1.56,4.49,1.004,1.318,0.27,206.56505,0.04749,,15
2022-04-30T17:31:51.800Z,40.4382696,-111.7228333,1721.561,-2.74,-1.84,4.46,1.003,1.317,0.27,213.88266,0.04866,,15
2022-04-30T17:31:52.000Z,40.4382649,-111.7228381,1720.681,-2.43,-2.06,4.30,1.003,1.316,0.27,220.28917,0.05045,,15
2022-04-30T17:31:52.200Z,40.4382608,-111.7228434,1719.882,-2.25,-2.28,4.18,1.002,1.314,0.26,225.37944,0.04937,,15
2022-04-30T17:31:52.400Z,40.4382570,-111.7228493,1719.097,-2.10,-2.56,3.97,1.002,1.313,0.26,230.63754,0.05029,,15
2022-04-30T17:31:52.600Z,40.4382534,-111.7228556,1718.321,-1.94,-2.63,3.89,1.001,1.312,0.26,233.58593,0.05117,,15
2022-04-30T17:31:52.800Z,40.4382502,-111.7228623,1717.600,-1.82,-2.93,3.63,1.001,1.312,0.26,238.15309,0.05192,,15
2022-04-30T17:31:53.000Z,40.4382471,-111.7228693,1716.922,-1.70,-2.85,3.58,1.000,1.311,0.26,239.18429,0.05326,,15
2022-04-30T17:31:53.200Z,40.4382444,-111.7228762,1716.234,-1.40,-2.83,3.50,1.000,1.309,0.25,243.67841,0.05304,,15
2022-04-30T17:31:53.400Z,40.4382419,-111.7228829,1715.561,-1.43,-2.73,3.40,1.000,1.306,0.25,242.35402,0.05448,,15
2022-04-30T17:31:53.600Z,40.4382397,-111.7228895,1714.924,-1.11,-2.79,3.25,0.999,1.305,0.25,248.30489,0.05650,,15
2022-04-30T17:31:53.800Z,40.4382379,-111.7228962,1714.281,-0.87,-2.80,3.25,0.999,1.303,0.25,252.73923,0.05711,,15
2022-04-30T17:31:54.000Z,40.4382364,-111.7229030,1713.626,-0.85,-2.88,3.40,0.999,1.302,0.25,253.55662,0.05511,,14
2022-04-30T17:31:54.200Z,40.4382351,-111.7229099,1712.973,-0.80,-2.80,3.56,1.000,1.301,0.25,254.05460,0.05436,,15
2022-04-30T17:31:54.400Z,40.4382338,-111.7229165,1712.224,-0.67,-2.80,3.90,1.000,1.300,0.25,256.54297,0.05157,,15
2022-04-30T17:31:54.600Z,40.4382326,-111.7229231,1711.433,-0.75,-2.76,4.15,1.000,1.300,0.26,254.79759,0.05159,,15
2022-04-30T17:31:54.800Z,40.4382313,-111.7229297,1710.593,-0.80,-2.76,4.27,1.000,1.299,0.25,253.83550,0.04857,,15
2022-04-30T17:31:55.000Z,40.4382297,-111.7229362,1709.683,-0.91,-2.72,4.55,0.999,1.299,0.26,251.50188,0.04834,,15
2022-04-30T17:31:55.200Z,40.4382281,-111.7229427,1708.710,-0.98,-2.81,4.94,0.998,1.299,0.26,250.77356,0.04508,,15
2022-04-30T17:31:55.400Z,40.4382260,-111.7229495,1707.694,-1.43,-2.85,5.26,0.998,1.300,0.26,243.35459,0.04227,,15
2022-04-30T17:31:55.600Z,40.4382232,-111.7229563,1706.598,-1.62,-2.80,5.56,0.998,1.298,0.26,239.94755,0.04042,,15
2022-04-30T17:31:55.800Z,40.4382201,-111.7229629,1705.474,-1.90,-2.79,5.70,0.997,1.298,0.26,235.74500,0.03925,,15
2022-04-30T17:31:56.000Z,40.4382164,-111.7229698,1704.307,-2.24,-2.96,5.99,0.997,1.297,0.26,232.88314,0.03690,,15
2022-04-30T17:31:56.200Z,40.4382123,-111.7229770,1703.099,-2.35,-3.08,6.31,1.003,1.306,0.39,232.65684,0.05267,,15
2022-04-30T17:31:56.400Z,40.4382076,-111.7229845,1701.821,-2.93,-3.26,6.46,1.016,1.320,0.41,228.05165,0.05252,,15
2022-04-30T17:31:56.600Z,40.4382022,-111.7229921,1700.567,-3.18,-3.13,6.39,1.021,1.315,0.28,224.54600,0.03593,,14
2022-04-30T17:31:56.800Z,40.4381962,-111.7229998,1699.288,-3.51,-3.25,6.52,1.020,1.313,0.27,222.79740,0.03339,,14
2022-04-30T17:31:57.000Z,40.4381897,-111.7230076,1698.011,-3.76,-3.38,6.44,1.019,1.310,0.26,221.95352,0.03176,,14
2022-04-30T17:31:57.200Z,40.4381826,-111.7230155,1696.757,-4.07,-3.42,6.30,1.016,1.306,0.26,220.04016,0.03154,,14
2022-04-30T17:31:57.400Z,40.4381751,-111.7230234,1695.515,-4.23,-3.31,6.01,1.012,1.301,0.25,218.04339,0.03102,,14
2022-04-30T17:31:57.600Z,40.4381676,-111.7230312,1694.386,-4.15,-3.31,5.59,1.008,1.297,0.25,218.57553,0.03243,,15
2022-04-30T17:31:57.800Z,40.4381600,-111.7230388,1693.316,-4.23,-3.18,5.26,1.006,1.294,0.25,216.93486,0.03351,,15
2022-04-30T17:31:58.000Z,40.4381520,-111.7230465,1692.320,-4.55,-3.36,4.89,1.004,1.291,0.25,216.44444,0.03344,,15
2022-04-30T17:31:58.200Z,40.4381437,-111.7230544,1691.373,-4.63,-3.45,4.43,1.001,1.288,0.25,216.69128,0.03435,,15
2022-04-30T17:31:58.400Z,40.4381355,-111.7230621,1690.575,-4.62,-3.14,3.99,0.998,1.285,0.25,214.20213,0.03642,,15
2022-04-30T17:31:58.600Z,40.4381274,-111.7230692,1689.836,-4.46,-2.97,3.63,0.997,1.284,0.26,213.66041,0.04017,,15
2022-04-30T17:31:58.800Z,40.4381196,-111.7230756,1689.118,-4.20,-2.58,3.48,0.996,1.283,0.26,211.56181,0.04309,,15
2022-04-30T17:31:59.000Z,40.4381114,-111.7230821,1688.437,-4.76,-2.96,3.22,0.994,1.280,0.24,211.87536,0.03713,,15
2022-04-30T17:31:59.200Z,40.4381034,-111.7230883,1687.743,-4.09,-2.44,3.67,0.992,1.278,0.25,210.81933,0.04158,,15
2022-04-30T17:31:59.400Z,40.4380960,-111.7230941,1687.006,-4.27,-2.63,3.88,0.990,1.275,0.25,211.62996,0.03943,,15
2022-04-30T17:31:59.600Z,40.4380886,-111.7231003,1686.233,-4.00,-2.79,3.94,0.988,1.274,0.25,214.89577,0.03988,,15
2022-04-30T17:31:59.800Z,40.4380813,-111.7231069,1685.420,-4.00,-2.89,4.14,0.987,1.274,0.25,215.84811,0.03881,,15
2022-04-30T17:32:00.000Z,40.4380744,-111.7231138,1684.592,-3.70,-3.06,4.30,0.986,1.273,0.26,219.59167,0.04034,,14
2022-04-30T17:32:00.200Z,40.4380678,-111.7231208,1683.695,-3.51,-3.03,4.41,0.985,1.274,0.26,220.80233,0.04063,,15
2022-04-30T17:32:00.400Z,40.4380618,-111.7231279,1682.745,-3.07,-3.13,4.67,0.985,1.275,0.27,225.55446,0.04215,,15
2022-04-30T17:32:00.600Z,40.4380564,-111.7231352,1681.830,-3.01,-3.28,4.83,0.984,1.275,0.27,227.45793,0.04110,,15
2022-04-30T17:32:00.800Z,40.4380514,-111.7231434,1680.901,-2.72,-3.74,5.03,0.984,1.275,0.26,233.97263,0.03805,,15
2022-04-30T17:32:01.000Z,40.4380464,-111.7231519,1679.904,-2.95,-3.77,5.34,0.982,1.275,0.26,231.95706,0.03625,,15
2022-04-30T17:32:01.200Z,40.4380410,-111.7231609,1678.880,-3.09,-3.96,5.47,0.977,1.272,0.26,232.03498,0.03501,,15
2022-04-30T17:32:01.400Z,40.4380353,-111.7231708,1677.764,-3.18,-4.52,5.56,0.973,1.268,0.25,234.87209,0.03189,,15
2022-04-30T17:32:01.600Z,40.4380298,-111.7231809,1676.731,-3.08,-4.15,5.41,0.969,1.264,0.25,233.41835,0.03341,,15
2022-04-30T17:32:01.800Z,40.4380245,-111.7231905,1675.700,-2.79,-4.06,4.98,0.968,1.264,0.25,235.50346,0.03569,,15
2022-04-30T17:32:02.000Z,40.4380195,-111.7232002,1674.789,-2.88,-4.29,4.32,0.967,1.266,0.25,236.12541,0.03712,,15
2022-04-30T17:32:02.200Z,40.4380142,-111.7232103,1673.905,-2.94,-4.44,4.19,0.967,1.267,0.25,236.48898,0.03690,,15
2022-04-30T17:32:02.400Z,40.4380086,-111.7232211,1673.064,-3.11,-4.83,3.60,0.968,1.270,0.25,237.22283,0.03688,,15
2022-04-30T17:32:02.600Z,40.4380030,-111.7232318,1672.328,-2.89,-4.44,3.19,0.969,1.270,0.25,236.93986,0.04043,,15
2022-04-30T17:32:02.800Z,40.4379983,-111.7232419,1671.795,-2.60,-4.20,2.64,0.971,1.272,0.26,238.24052,0.04642,,15
2022-04-30T17:32:03.000Z,40.4379943,-111.7232508,1671.332,-2.06,-3.47,2.25,0.972,1.274,0.26,239.30409,0.05627,,14
2022-04-30T17:32:03.200Z,40.4379909,-111.7232587,1670.957,-1.95,-3.35,1.87,0.972,1.275,0.25,239.79676,0.05809,,15
2022-04-30T17:32:03.400Z,40.4379877,-111.7232661,1670.618,-1.66,-2.98,1.66,0.973,1.276,0.26,240.88014,0.06854,,15
2022-04-30T17:32:03.600Z,40.4379850,-111.7232727,1670.263,-1.30,-2.63,1.74,0.975,1.277,0.26,243.69697,0.07623,,15
2022-04-30T17:32:03.800Z,40.4379827,-111.7232787,1669.963,-1.36,-2.53,1.71,0.977,1.280,0.26,241.73977,0.07778,,15
2022-04-30T17:32:04.000Z,40.4379808,-111.7232844,1669.661,-0.83,-2.31,1.72,0.980,1.284,0.25,250.23626,0.08341,,15
2022-04-30T17:32:04.200Z,40.4379790,-111.7232898,1669.345,-1.34,-2.23,1.96,0.983,1.288,0.26,238.99847,0.07982,,15
2022-04-30T17:32:04.400Z,40.4379766,-111.7232948,1668.937,-1.39,-2.02,2.14,0.985,1.294,0.28,235.46741,0.08603,,15
2022-04-30T17:32:04.600Z,40.4379740,-111.7232992,1668.483,-1.49,-1.82,2.36,0.987,1.298,0.29,230.69345,0.08704,,15
2022-04-30T17:32:04.800Z,40.4379714,-111.7233034,1668.009,-1.51,-1.76,2.53,0.988,1.299,0.28,229.37191,0.08159,,15
2022-04-30T17:32:05.000Z,40.4379692,-111.7233074,1667.522,-1.27,-1.66,2.65,0.989,1.303,0.28,232.58183,0.08296,,15
2022-04-30T17:32:05.200Z,40.4379669,-111.7233110,1666.922,-1.29,-1.56,3.02,0.991,1.306,0.29,230.41187,0.07977,,15
2022-04-30T17:32:05.400Z,40.4379645,-111.7233148,1666.259,-1.21,-1.62,3.22,0.994,1.309,0.29,233.24345,0.07627,,15
2022-04-30T17:32:05.600Z,40.4379621,-111.7233188,1665.611,-1.47,-1.84,3.15,0.998,1.312,0.28,231.37819,0.07119,,15
2022-04-30T17:32:05.800Z,40.4379593,-111.7233232,1664.979,-1.69,-1.87,3.46,1.003,1.314,0.29,227.89451,0.06775,,15
2022-04-30T17:32:06.000Z,40.4379562,-111.7233278,1664.315,-2.00,-2.20,3.49,1.007,1.316,0.28,227.72631,0.06107,,13
2022-04-30T17:32:06.200Z,40.4379526,-111.7233330,1663.637,-2.04,-2.26,3.51,1.012,1.318,0.28,227.92886,0.06026,,14
2022-04-30T17:32:06.400Z,40.4379487,-111.7233382,1662.866,-2.10,-2.23,3.74,1.017,1.320,0.28,226.71968,0.05792,,14
2022-04-30T17:32:06.600Z,40.4379448,-111.7233433,1662.008,-2.10,-2.15,4.18,1.023,1.322,0.29,225.67404,0.05633,,14
2022-04-30T17:32:06.800Z,40.4379410,-111.7233485,1661.202,-2.23,-2.34,4.35,1.029,1.326,0.29,226.37884,0.05351,,14
2022-04-30T17:32:07.000Z,40.4379370,-111.7233542,1660.310,-2.32,-2.60,4.49,1.037,1.326,0.29,228.25722,0.05102,,14
2022-04-30T17:32:07.200Z,40.4379326,-111.7233607,1659.345,-2.46,-2.96,4.98,1.054,1.339,0.43,230.27067,0.06832,,14
2022-04-30T17:32:07.400Z,40.4379290,-111.7233682,1658.343,-1.89,-3.33,5.37,1.094,1.357,0.46,240.42216,0.06975,,14
2022-04-30T17:32:07.600Z,40.4379242,-111.7233753,1657.138,-2.83,-3.12,5.87,1.131,1.368,0.34,227.79036,0.04706,,14
2022-04-30T17:32:07.800Z,40.4379190,-111.7233829,1655.885,-2.78,-3.28,6.38,1.153,1.375,0.34,229.71669,0.04419,,14
2022-04-30T17:32:08.000Z,40.4379142,-111.7233910,1654.650,-2.87,-3.67,6.71,1.170,1.382,0.34,231.97401,0.04162,,14
2022-04-30T17:32:08.200Z,40.4379085,-111.7233990,1653.236,-3.19,-3.61,7.12,1.184,1.387,0.33,228.53437,0.03839,,14
2022-04-30T17:32:08.400Z,40.4379031,-111.7234080,1651.845,-3.01,-4.06,7.29,1.198,1.392,0.32,233.44753,0.03607,,14
2022-04-30T17:32:08.600Z,40.4378971,-111.7234180,1650.357,-3.53,-4.49,7.49,1.212,1.397,0.32,231.82587,0.03397,,14
2022-04-30T17:32:08.800Z,40.4378907,-111.7234290,1648.827,-3.51,-4.75,7.51,1.228,1.405,0.32,233.53755,0.03349,,13
2022-04-30T17:32:09.000Z,40.4378838,-111.7234412,1647.294,-3.95,-5.40,7.30,1.244,1.411,0.32,233.81522,0.03232,,11
2022-04-30T17:32:09.200Z,40.4378766,-111.7234554,1645.813,-4.03,-6.37,7.14,1.261,1.418,0.32,237.68038,0.03082,,13
2022-04-30T17:32:09.400Z,40.4378691,-111.7234706,1644.405,-4.36,-6.46,7.01,1.279,1.429,0.33,235.98370,0.03148,,13
2022-04-30T17:32:09.600Z,40.4378608,-111.7234856,1643.000,-4.74,-6.55,7.04,1.300,1.438,0.33,234.10809,0.03078,,13
2022-04-30T17:32:09.800Z,40.4378523,-111.7235019,1641.678,-4.88,-7.28,6.40,1.322,1.450,0.35,236.16488,0.03225,,13
2022-04-30T17:32:10.000Z,40.4378435,-111.7235194,1640.381,-4.80,-7.28,6.09,1.350,1.466,0.35,236.60151,0.03291,,13
2022-04-30T17:32:10.200Z,40.4378362,-111.7235372,1639.336,-4.05,-7.45,5.24,1.393,1.483,0.39,241.47043,0.03912,,13
2022-04-30T17:32:10.400Z,40.4378286,-111.7235543,1638.412,-4.31,-7.00,4.35,1.447,1.502,0.40,238.37880,0.04301,,13
2022-04-30T17:32:10.600Z,40.4378211,-111.7235713,1637.594,-4.28,-7.19,3.68,1.506,1.523,0.42,239.23588,0.04595,,13
2022-04-30T17:32:10.800Z,40.4378130,-111.7235881,1636.830,-4.60,-7.06,3.23,1.561,1.545,0.47,236.91342,0.05208,,13
2022-04-30T17:32:11.000Z,40.4378045,-111.7236028,1636.222,-4.57,-5.51,1.60,1.615,1.568,0.39,230.32765,0.05317,,13
2022-04-30T17:32:11.200Z,40.4377991,-111.7236145,1636.131,-2.52,-3.64,-0.43,1.659,1.586,0.43,235.30485,0.09667,,13
2022-04-30T17:32:11.400Z,40.4377959,-111.7236202,1635.977,-1.10,-1.58,0.61,1.695,1.605,0.37,235.15427,0.18321,,14
2022-04-30T17:32:11.600Z,40.4377940,-111.7236224,1635.750,-0.92,-0.48,0.75,1.730,1.629,0.49,207.55281,0.38271,,13
2022-04-30T17:32:11.800Z,40.4377927,-111.7236232,1635.480,-0.50,-0.07,1.11,1.762,1.655,0.62,187.96961,0.50844,,13
2022-04-30T17:32:12.000Z,40.4377923,-111.7236231,1635.174,-0.24,0.35,0.82,1.788,1.680,0.74,124.43899,0.80146,,11
2022-04-30T17:32:12.200Z,40.4377914,-111.7236219,1635.263,-0.64,0.38,-0.38,1.807,1.704,0.88,149.30028,1.05301,,12
2022-04-30T17:32:12.400Z,40.4377910,-111.7236206,1635.265,-0.09,0.83,-0.42,1.823,1.729,0.68,96.18862,0.72762,,12
2022-04-30T17:32:12.600Z,40.4377904,-111.7236202,1635.349,-0.23,-0.32,0.41,1.840,1.753,0.52,234.29331,0.91439,,12
2022-04-30T17:32:12.800Z,40.4377902,-111.7236206,1635.281,0.14,0.03,0.42,1.856,1.777,0.55,12.09476,1.23948,,11
2022-04-30T17:32:13.000Z,40.4377904,-111.7236205,1635.150,0.09,0.23,0.39,1.873,1.806,0.61,68.62938,1.32141,,11
2022-04-30T17:32:13.200Z,40.4377905,-111.7236199,1635.045,0.02,0.08,0.23,1.889,1.828,0.56,75.96376,2.29193,,11
2022-04-30T17:32:13.400Z,40.4377906,-111.7236197,1634.923,0.17,-0.02,0.32,1.904,1.847,0.54,353.29016,1.48799,,10
2022-04-30T17:32:13.600Z,40.4377908,-111.7236190,1634.545,0.15,0.08,0.28,1.906,1.839,0.43,28.07249,1.31271,,10
2022-04-30T17:32:13.800Z,40.4377907,-111.7236193,1634.432,0.10,0.06,-0.06,1.906,1.835,0.41,30.96376,3.12622,,11
2022-04-30T17:32:14.000Z,40.4377913,-111.7236205,1634.398,0.68,-0.41,0.23,1.912,1.858,0.66,328.91249,0.79837,,11
2022-04-30T17:32:14.200Z,40.4377923,-111.7236224,1634.220,0.40,-0.60,0.07,1.919,1.876,0.67,303.69007,0.92478,,11
2022-04-30T17:32:14.400Z,40.4377923,-111.7236239,1634.360,0.03,-0.22,-0.60,1.923,1.891,0.54,277.76517,0.84406,,11
2022-04-30T17:32:14.600Z,40.4377926,-111.7236247,1634.392,0.40,0.06,-0.69,1.921,1.888,0.37,8.53077,0.46261,,11
2022-04-30T17:32:14.800Z,40.4377931,-111.7236244,1634.650,0.52,0.30,-1.35,1.919,1.886,0.37,29.98164,0.25043,,11
2022-04-30T17:32:15.000Z,40.4377951,-111.7236245,1634.955,1.30,0.25,-0.97,1.924,1.890,0.52,10.88553,0.31685,,10
2022-04-30T17:32:15.200Z,40.4377974,-111.7236247,1635.129,1.25,0.00,-0.39,1.941,1.893,0.90,0.00000,0.68732,,11
